,Company Name,Revenue Growth (%),Net Income Growth (%),Assets Growth (%),Liabilities Growth (%),Cash Flow from Operations Growth(%)
0,Apple,0.2997420355364507,2.1239268180130924,-1.1159472109295316,-0.5672123302631228,1.326727132366423
1,Microsoft,-6.662011340840287,-5.7924920677828915,-10.365704191395608,-6.396540008707053,-8.154016064060688
2,Tesla,-16.583421584262183,-24.064302871003093,-15.771471364442299,-10.480864134181635,-3.614122737741436
